{"class_name": "Model", "config": {"name": "model_4", "layers": [{"name": "Input-Token", "class_name": "InputLayer", "config": {"batch_input_shape": [null, 512], "dtype": "float32", "sparse": false, "name": "Input-Token"}, "inbound_nodes": []}, {"name": "Input-Segment", "class_name": "InputLayer", "config": {"batch_input_shape": [null, 512], "dtype": "float32", "sparse": false, "name": "Input-Segment"}, "inbound_nodes": []}, {"name": "Embedding-Token", "class_name": "TokenEmbedding", "config": {"name": "Embedding-Token", "trainable": false, "batch_input_shape": [null, null], "dtype": "float32", "input_dim": 21128, "output_dim": 768, "embeddings_initializer": {"class_name": "RandomUniform", "config": {"minval": -0.05, "maxval": 0.05, "seed": null}}, "embeddings_regularizer": null, "activity_regularizer": null, "embeddings_constraint": null, "mask_zero": true, "input_length": null}, "inbound_nodes": [[["Input-Token", 0, 0, {}]]]}, {"name": "Embedding-Segment", "class_name": "Embedding", "config": {"name": "Embedding-Segment", "trainable": false, "batch_input_shape": [null, null], "dtype": "float32", "input_dim": 2, "output_dim": 768, "embeddings_initializer": {"class_name": "RandomUniform", "config": {"minval": -0.05, "maxval": 0.05, "seed": null}}, "embeddings_regularizer": null, "activity_regularizer": null, "embeddings_constraint": null, "mask_zero": false, "input_length": null}, "inbound_nodes": [[["Input-Segment", 0, 0, {}]]]}, {"name": "Embedding-Token-Segment", "class_name": "Add", "config": {"name": "Embedding-Token-Segment", "trainable": true}, "inbound_nodes": [[["Embedding-Token", 0, 0, {}], ["Embedding-Segment", 0, 0, {}]]]}, {"name": "Embedding-Position", "class_name": "PositionEmbedding", "config": {"name": "Embedding-Position", "trainable": false, "input_dim": 512, "output_dim": 768, "mode": "add", "embeddings_initializer": {"class_name": "RandomUniform", "config": {"minval": -0.05, "maxval": 0.05, "seed": null}}, "embeddings_regularizer": null, "activity_regularizer": null, "embeddings_constraint": null, "mask_zero": false}, "inbound_nodes": [[["Embedding-Token-Segment", 0, 0, {}]]]}, {"name": "Embedding-Dropout", "class_name": "Dropout", "config": {"name": "Embedding-Dropout", "trainable": true, "rate": 0.1, "noise_shape": null, "seed": null}, "inbound_nodes": [[["Embedding-Position", 0, 0, {}]]]}, {"name": "Embedding-Norm", "class_name": "LayerNormalization", "config": {"name": "Embedding-Norm", "trainable": false, "center": true, "scale": true, "epsilon": 9.999999999999998e-15, "gamma_initializer": {"class_name": "Ones", "config": {}}, "beta_initializer": {"class_name": "Zeros", "config": {}}, "gamma_regularizer": null, "beta_regularizer": null, "gamma_constraint": null, "beta_constraint": null}, "inbound_nodes": [[["Embedding-Dropout", 0, 0, {}]]]}, {"name": "Encoder-1-MultiHeadSelfAttention", "class_name": "MultiHeadAttention", "config": {"name": "Encoder-1-MultiHeadSelfAttention", "trainable": false, "head_num": 12, "activation": "linear", "use_bias": true, "kernel_initializer": {"class_name": "VarianceScaling", "config": {"scale": 1.0, "mode": "fan_avg", "distribution": "normal", "seed": null}}, "bias_initializer": {"class_name": "Zeros", "config": {}}, "kernel_regularizer": null, "bias_regularizer": null, "kernel_constraint": null, "bias_constraint": null, "history_only": false}, "inbound_nodes": [[["Embedding-Norm", 0, 0, {}]]]}, {"name": "Encoder-1-MultiHeadSelfAttention-Dropout", "class_name": "Dropout", "config": {"name": "Encoder-1-MultiHeadSelfAttention-Dropout", "trainable": true, "rate": 0.1, "noise_shape": null, "seed": null}, "inbound_nodes": [[["Encoder-1-MultiHeadSelfAttention", 0, 0, {}]]]}, {"name": "Encoder-1-MultiHeadSelfAttention-Add", "class_name": "Add", "config": {"name": "Encoder-1-MultiHeadSelfAttention-Add", "trainable": true}, "inbound_nodes": [[["Embedding-Norm", 0, 0, {}], ["Encoder-1-MultiHeadSelfAttention-Dropout", 0, 0, {}]]]}, {"name": "Encoder-1-MultiHeadSelfAttention-Norm", "class_name": "LayerNormalization", "config": {"name": "Encoder-1-MultiHeadSelfAttention-Norm", "trainable": false, "center": true, "scale": true, "epsilon": 9.999999999999998e-15, "gamma_initializer": {"class_name": "Ones", "config": {}}, "beta_initializer": {"class_name": "Zeros", "config": {}}, "gamma_regularizer": null, "beta_regularizer": null, "gamma_constraint": null, "beta_constraint": null}, "inbound_nodes": [[["Encoder-1-MultiHeadSelfAttention-Add", 0, 0, {}]]]}, {"name": "Encoder-1-FeedForward", "class_name": "FeedForward", "config": {"name": "Encoder-1-FeedForward", "trainable": false, "units": 3072, "activation": "gelu", "use_bias": true, "kernel_initializer": {"class_name": "VarianceScaling", "config": {"scale": 1.0, "mode": "fan_avg", "distribution": "normal", "seed": null}}, "bias_initializer": {"class_name": "Zeros", "config": {}}, "kernel_regularizer": null, "bias_regularizer": null, "kernel_constraint": null, "bias_constraint": null, "dropout_rate": 0.0}, "inbound_nodes": [[["Encoder-1-MultiHeadSelfAttention-Norm", 0, 0, {}]]]}, {"name": "Encoder-1-FeedForward-Dropout", "class_name": "Dropout", "config": {"name": "Encoder-1-FeedForward-Dropout", "trainable": true, "rate": 0.1, "noise_shape": null, "seed": null}, "inbound_nodes": [[["Encoder-1-FeedForward", 0, 0, {}]]]}, {"name": "Encoder-1-FeedForward-Add", "class_name": "Add", "config": {"name": "Encoder-1-FeedForward-Add", "trainable": true}, "inbound_nodes": [[["Encoder-1-MultiHeadSelfAttention-Norm", 0, 0, {}], ["Encoder-1-FeedForward-Dropout", 0, 0, {}]]]}, {"name": "Encoder-1-FeedForward-Norm", "class_name": "LayerNormalization", "config": {"name": "Encoder-1-FeedForward-Norm", "trainable": false, "center": true, "scale": true, "epsilon": 9.999999999999998e-15, "gamma_initializer": {"class_name": "Ones", "config": {}}, "beta_initializer": {"class_name": "Zeros", "config": {}}, "gamma_regularizer": null, "beta_regularizer": null, "gamma_constraint": null, "beta_constraint": null}, "inbound_nodes": [[["Encoder-1-FeedForward-Add", 0, 0, {}]]]}, {"name": "Encoder-2-MultiHeadSelfAttention", "class_name": "MultiHeadAttention", "config": {"name": "Encoder-2-MultiHeadSelfAttention", "trainable": false, "head_num": 12, "activation": "linear", "use_bias": true, "kernel_initializer": {"class_name": "VarianceScaling", "config": {"scale": 1.0, "mode": "fan_avg", "distribution": "normal", "seed": null}}, "bias_initializer": {"class_name": "Zeros", "config": {}}, "kernel_regularizer": null, "bias_regularizer": null, "kernel_constraint": null, "bias_constraint": null, "history_only": false}, "inbound_nodes": [[["Encoder-1-FeedForward-Norm", 0, 0, {}]]]}, {"name": "Encoder-2-MultiHeadSelfAttention-Dropout", "class_name": "Dropout", "config": {"name": "Encoder-2-MultiHeadSelfAttention-Dropout", "trainable": true, "rate": 0.1, "noise_shape": null, "seed": null}, "inbound_nodes": [[["Encoder-2-MultiHeadSelfAttention", 0, 0, {}]]]}, {"name": "Encoder-2-MultiHeadSelfAttention-Add", "class_name": "Add", "config": {"name": "Encoder-2-MultiHeadSelfAttention-Add", "trainable": true}, "inbound_nodes": [[["Encoder-1-FeedForward-Norm", 0, 0, {}], ["Encoder-2-MultiHeadSelfAttention-Dropout", 0, 0, {}]]]}, {"name": "Encoder-2-MultiHeadSelfAttention-Norm", "class_name": "LayerNormalization", "config": {"name": "Encoder-2-MultiHeadSelfAttention-Norm", "trainable": false, "center": true, "scale": true, "epsilon": 9.999999999999998e-15, "gamma_initializer": {"class_name": "Ones", "config": {}}, "beta_initializer": {"class_name": "Zeros", "config": {}}, "gamma_regularizer": null, "beta_regularizer": null, "gamma_constraint": null, "beta_constraint": null}, "inbound_nodes": [[["Encoder-2-MultiHeadSelfAttention-Add", 0, 0, {}]]]}, {"name": "Encoder-2-FeedForward", "class_name": "FeedForward", "config": {"name": "Encoder-2-FeedForward", "trainable": false, "units": 3072, "activation": "gelu", "use_bias": true, "kernel_initializer": {"class_name": "VarianceScaling", "config": {"scale": 1.0, "mode": "fan_avg", "distribution": "normal", "seed": null}}, "bias_initializer": {"class_name": "Zeros", "config": {}}, "kernel_regularizer": null, "bias_regularizer": null, "kernel_constraint": null, "bias_constraint": null, "dropout_rate": 0.0}, "inbound_nodes": [[["Encoder-2-MultiHeadSelfAttention-Norm", 0, 0, {}]]]}, {"name": "Encoder-2-FeedForward-Dropout", "class_name": "Dropout", "config": {"name": "Encoder-2-FeedForward-Dropout", "trainable": true, "rate": 0.1, "noise_shape": null, "seed": null}, "inbound_nodes": [[["Encoder-2-FeedForward", 0, 0, {}]]]}, {"name": "Encoder-2-FeedForward-Add", "class_name": "Add", "config": {"name": "Encoder-2-FeedForward-Add", "trainable": true}, "inbound_nodes": [[["Encoder-2-MultiHeadSelfAttention-Norm", 0, 0, {}], ["Encoder-2-FeedForward-Dropout", 0, 0, {}]]]}, {"name": "Encoder-2-FeedForward-Norm", "class_name": "LayerNormalization", "config": {"name": "Encoder-2-FeedForward-Norm", "trainable": false, "center": true, "scale": true, "epsilon": 9.999999999999998e-15, "gamma_initializer": {"class_name": "Ones", "config": {}}, "beta_initializer": {"class_name": "Zeros", "config": {}}, "gamma_regularizer": null, "beta_regularizer": null, "gamma_constraint": null, "beta_constraint": null}, "inbound_nodes": [[["Encoder-2-FeedForward-Add", 0, 0, {}]]]}, {"name": "Encoder-3-MultiHeadSelfAttention", "class_name": "MultiHeadAttention", "config": {"name": "Encoder-3-MultiHeadSelfAttention", "trainable": false, "head_num": 12, "activation": "linear", "use_bias": true, "kernel_initializer": {"class_name": "VarianceScaling", "config": {"scale": 1.0, "mode": "fan_avg", "distribution": "normal", "seed": null}}, "bias_initializer": {"class_name": "Zeros", "config": {}}, "kernel_regularizer": null, "bias_regularizer": null, "kernel_constraint": null, "bias_constraint": null, "history_only": false}, "inbound_nodes": [[["Encoder-2-FeedForward-Norm", 0, 0, {}]]]}, {"name": "Encoder-3-MultiHeadSelfAttention-Dropout", "class_name": "Dropout", "config": {"name": "Encoder-3-MultiHeadSelfAttention-Dropout", "trainable": true, "rate": 0.1, "noise_shape": null, "seed": null}, "inbound_nodes": [[["Encoder-3-MultiHeadSelfAttention", 0, 0, {}]]]}, {"name": "Encoder-3-MultiHeadSelfAttention-Add", "class_name": "Add", "config": {"name": "Encoder-3-MultiHeadSelfAttention-Add", "trainable": true}, "inbound_nodes": [[["Encoder-2-FeedForward-Norm", 0, 0, {}], ["Encoder-3-MultiHeadSelfAttention-Dropout", 0, 0, {}]]]}, {"name": "Encoder-3-MultiHeadSelfAttention-Norm", "class_name": "LayerNormalization", "config": {"name": "Encoder-3-MultiHeadSelfAttention-Norm", "trainable": false, "center": true, "scale": true, "epsilon": 9.999999999999998e-15, "gamma_initializer": {"class_name": "Ones", "config": {}}, "beta_initializer": {"class_name": "Zeros", "config": {}}, "gamma_regularizer": null, "beta_regularizer": null, "gamma_constraint": null, "beta_constraint": null}, "inbound_nodes": [[["Encoder-3-MultiHeadSelfAttention-Add", 0, 0, {}]]]}, {"name": "Encoder-3-FeedForward", "class_name": "FeedForward", "config": {"name": "Encoder-3-FeedForward", "trainable": false, "units": 3072, "activation": "gelu", "use_bias": true, "kernel_initializer": {"class_name": "VarianceScaling", "config": {"scale": 1.0, "mode": "fan_avg", "distribution": "normal", "seed": null}}, "bias_initializer": {"class_name": "Zeros", "config": {}}, "kernel_regularizer": null, "bias_regularizer": null, "kernel_constraint": null, "bias_constraint": null, "dropout_rate": 0.0}, "inbound_nodes": [[["Encoder-3-MultiHeadSelfAttention-Norm", 0, 0, {}]]]}, {"name": "Encoder-3-FeedForward-Dropout", "class_name": "Dropout", "config": {"name": "Encoder-3-FeedForward-Dropout", "trainable": true, "rate": 0.1, "noise_shape": null, "seed": null}, "inbound_nodes": [[["Encoder-3-FeedForward", 0, 0, {}]]]}, {"name": "Encoder-3-FeedForward-Add", "class_name": "Add", "config": {"name": "Encoder-3-FeedForward-Add", "trainable": true}, "inbound_nodes": [[["Encoder-3-MultiHeadSelfAttention-Norm", 0, 0, {}], ["Encoder-3-FeedForward-Dropout", 0, 0, {}]]]}, {"name": "Encoder-3-FeedForward-Norm", "class_name": "LayerNormalization", "config": {"name": "Encoder-3-FeedForward-Norm", "trainable": false, "center": true, "scale": true, "epsilon": 9.999999999999998e-15, "gamma_initializer": {"class_name": "Ones", "config": {}}, "beta_initializer": {"class_name": "Zeros", "config": {}}, "gamma_regularizer": null, "beta_regularizer": null, "gamma_constraint": null, "beta_constraint": null}, "inbound_nodes": [[["Encoder-3-FeedForward-Add", 0, 0, {}]]]}, {"name": "Encoder-4-MultiHeadSelfAttention", "class_name": "MultiHeadAttention", "config": {"name": "Encoder-4-MultiHeadSelfAttention", "trainable": false, "head_num": 12, "activation": "linear", "use_bias": true, "kernel_initializer": {"class_name": "VarianceScaling", "config": {"scale": 1.0, "mode": "fan_avg", "distribution": "normal", "seed": null}}, "bias_initializer": {"class_name": "Zeros", "config": {}}, "kernel_regularizer": null, "bias_regularizer": null, "kernel_constraint": null, "bias_constraint": null, "history_only": false}, "inbound_nodes": [[["Encoder-3-FeedForward-Norm", 0, 0, {}]]]}, {"name": "Encoder-4-MultiHeadSelfAttention-Dropout", "class_name": "Dropout", "config": {"name": "Encoder-4-MultiHeadSelfAttention-Dropout", "trainable": true, "rate": 0.1, "noise_shape": null, "seed": null}, "inbound_nodes": [[["Encoder-4-MultiHeadSelfAttention", 0, 0, {}]]]}, {"name": "Encoder-4-MultiHeadSelfAttention-Add", "class_name": "Add", "config": {"name": "Encoder-4-MultiHeadSelfAttention-Add", "trainable": true}, "inbound_nodes": [[["Encoder-3-FeedForward-Norm", 0, 0, {}], ["Encoder-4-MultiHeadSelfAttention-Dropout", 0, 0, {}]]]}, {"name": "Encoder-4-MultiHeadSelfAttention-Norm", "class_name": "LayerNormalization", "config": {"name": "Encoder-4-MultiHeadSelfAttention-Norm", "trainable": false, "center": true, "scale": true, "epsilon": 9.999999999999998e-15, "gamma_initializer": {"class_name": "Ones", "config": {}}, "beta_initializer": {"class_name": "Zeros", "config": {}}, "gamma_regularizer": null, "beta_regularizer": null, "gamma_constraint": null, "beta_constraint": null}, "inbound_nodes": [[["Encoder-4-MultiHeadSelfAttention-Add", 0, 0, {}]]]}, {"name": "Encoder-4-FeedForward", "class_name": "FeedForward", "config": {"name": "Encoder-4-FeedForward", "trainable": false, "units": 3072, "activation": "gelu", "use_bias": true, "kernel_initializer": {"class_name": "VarianceScaling", "config": {"scale": 1.0, "mode": "fan_avg", "distribution": "normal", "seed": null}}, "bias_initializer": {"class_name": "Zeros", "config": {}}, "kernel_regularizer": null, "bias_regularizer": null, "kernel_constraint": null, "bias_constraint": null, "dropout_rate": 0.0}, "inbound_nodes": [[["Encoder-4-MultiHeadSelfAttention-Norm", 0, 0, {}]]]}, {"name": "Encoder-4-FeedForward-Dropout", "class_name": "Dropout", "config": {"name": "Encoder-4-FeedForward-Dropout", "trainable": true, "rate": 0.1, "noise_shape": null, "seed": null}, "inbound_nodes": [[["Encoder-4-FeedForward", 0, 0, {}]]]}, {"name": "Encoder-4-FeedForward-Add", "class_name": "Add", "config": {"name": "Encoder-4-FeedForward-Add", "trainable": true}, "inbound_nodes": [[["Encoder-4-MultiHeadSelfAttention-Norm", 0, 0, {}], ["Encoder-4-FeedForward-Dropout", 0, 0, {}]]]}, {"name": "Encoder-4-FeedForward-Norm", "class_name": "LayerNormalization", "config": {"name": "Encoder-4-FeedForward-Norm", "trainable": false, "center": true, "scale": true, "epsilon": 9.999999999999998e-15, "gamma_initializer": {"class_name": "Ones", "config": {}}, "beta_initializer": {"class_name": "Zeros", "config": {}}, "gamma_regularizer": null, "beta_regularizer": null, "gamma_constraint": null, "beta_constraint": null}, "inbound_nodes": [[["Encoder-4-FeedForward-Add", 0, 0, {}]]]}, {"name": "Encoder-5-MultiHeadSelfAttention", "class_name": "MultiHeadAttention", "config": {"name": "Encoder-5-MultiHeadSelfAttention", "trainable": false, "head_num": 12, "activation": "linear", "use_bias": true, "kernel_initializer": {"class_name": "VarianceScaling", "config": {"scale": 1.0, "mode": "fan_avg", "distribution": "normal", "seed": null}}, "bias_initializer": {"class_name": "Zeros", "config": {}}, "kernel_regularizer": null, "bias_regularizer": null, "kernel_constraint": null, "bias_constraint": null, "history_only": false}, "inbound_nodes": [[["Encoder-4-FeedForward-Norm", 0, 0, {}]]]}, {"name": "Encoder-5-MultiHeadSelfAttention-Dropout", "class_name": "Dropout", "config": {"name": "Encoder-5-MultiHeadSelfAttention-Dropout", "trainable": true, "rate": 0.1, "noise_shape": null, "seed": null}, "inbound_nodes": [[["Encoder-5-MultiHeadSelfAttention", 0, 0, {}]]]}, {"name": "Encoder-5-MultiHeadSelfAttention-Add", "class_name": "Add", "config": {"name": "Encoder-5-MultiHeadSelfAttention-Add", "trainable": true}, "inbound_nodes": [[["Encoder-4-FeedForward-Norm", 0, 0, {}], ["Encoder-5-MultiHeadSelfAttention-Dropout", 0, 0, {}]]]}, {"name": "Encoder-5-MultiHeadSelfAttention-Norm", "class_name": "LayerNormalization", "config": {"name": "Encoder-5-MultiHeadSelfAttention-Norm", "trainable": false, "center": true, "scale": true, "epsilon": 9.999999999999998e-15, "gamma_initializer": {"class_name": "Ones", "config": {}}, "beta_initializer": {"class_name": "Zeros", "config": {}}, "gamma_regularizer": null, "beta_regularizer": null, "gamma_constraint": null, "beta_constraint": null}, "inbound_nodes": [[["Encoder-5-MultiHeadSelfAttention-Add", 0, 0, {}]]]}, {"name": "Encoder-5-FeedForward", "class_name": "FeedForward", "config": {"name": "Encoder-5-FeedForward", "trainable": false, "units": 3072, "activation": "gelu", "use_bias": true, "kernel_initializer": {"class_name": "VarianceScaling", "config": {"scale": 1.0, "mode": "fan_avg", "distribution": "normal", "seed": null}}, "bias_initializer": {"class_name": "Zeros", "config": {}}, "kernel_regularizer": null, "bias_regularizer": null, "kernel_constraint": null, "bias_constraint": null, "dropout_rate": 0.0}, "inbound_nodes": [[["Encoder-5-MultiHeadSelfAttention-Norm", 0, 0, {}]]]}, {"name": "Encoder-5-FeedForward-Dropout", "class_name": "Dropout", "config": {"name": "Encoder-5-FeedForward-Dropout", "trainable": true, "rate": 0.1, "noise_shape": null, "seed": null}, "inbound_nodes": [[["Encoder-5-FeedForward", 0, 0, {}]]]}, {"name": "Encoder-5-FeedForward-Add", "class_name": "Add", "config": {"name": "Encoder-5-FeedForward-Add", "trainable": true}, "inbound_nodes": [[["Encoder-5-MultiHeadSelfAttention-Norm", 0, 0, {}], ["Encoder-5-FeedForward-Dropout", 0, 0, {}]]]}, {"name": "Encoder-5-FeedForward-Norm", "class_name": "LayerNormalization", "config": {"name": "Encoder-5-FeedForward-Norm", "trainable": false, "center": true, "scale": true, "epsilon": 9.999999999999998e-15, "gamma_initializer": {"class_name": "Ones", "config": {}}, "beta_initializer": {"class_name": "Zeros", "config": {}}, "gamma_regularizer": null, "beta_regularizer": null, "gamma_constraint": null, "beta_constraint": null}, "inbound_nodes": [[["Encoder-5-FeedForward-Add", 0, 0, {}]]]}, {"name": "Encoder-6-MultiHeadSelfAttention", "class_name": "MultiHeadAttention", "config": {"name": "Encoder-6-MultiHeadSelfAttention", "trainable": false, "head_num": 12, "activation": "linear", "use_bias": true, "kernel_initializer": {"class_name": "VarianceScaling", "config": {"scale": 1.0, "mode": "fan_avg", "distribution": "normal", "seed": null}}, "bias_initializer": {"class_name": "Zeros", "config": {}}, "kernel_regularizer": null, "bias_regularizer": null, "kernel_constraint": null, "bias_constraint": null, "history_only": false}, "inbound_nodes": [[["Encoder-5-FeedForward-Norm", 0, 0, {}]]]}, {"name": "Encoder-6-MultiHeadSelfAttention-Dropout", "class_name": "Dropout", "config": {"name": "Encoder-6-MultiHeadSelfAttention-Dropout", "trainable": true, "rate": 0.1, "noise_shape": null, "seed": null}, "inbound_nodes": [[["Encoder-6-MultiHeadSelfAttention", 0, 0, {}]]]}, {"name": "Encoder-6-MultiHeadSelfAttention-Add", "class_name": "Add", "config": {"name": "Encoder-6-MultiHeadSelfAttention-Add", "trainable": true}, "inbound_nodes": [[["Encoder-5-FeedForward-Norm", 0, 0, {}], ["Encoder-6-MultiHeadSelfAttention-Dropout", 0, 0, {}]]]}, {"name": "Encoder-6-MultiHeadSelfAttention-Norm", "class_name": "LayerNormalization", "config": {"name": "Encoder-6-MultiHeadSelfAttention-Norm", "trainable": false, "center": true, "scale": true, "epsilon": 9.999999999999998e-15, "gamma_initializer": {"class_name": "Ones", "config": {}}, "beta_initializer": {"class_name": "Zeros", "config": {}}, "gamma_regularizer": null, "beta_regularizer": null, "gamma_constraint": null, "beta_constraint": null}, "inbound_nodes": [[["Encoder-6-MultiHeadSelfAttention-Add", 0, 0, {}]]]}, {"name": "Encoder-6-FeedForward", "class_name": "FeedForward", "config": {"name": "Encoder-6-FeedForward", "trainable": false, "units": 3072, "activation": "gelu", "use_bias": true, "kernel_initializer": {"class_name": "VarianceScaling", "config": {"scale": 1.0, "mode": "fan_avg", "distribution": "normal", "seed": null}}, "bias_initializer": {"class_name": "Zeros", "config": {}}, "kernel_regularizer": null, "bias_regularizer": null, "kernel_constraint": null, "bias_constraint": null, "dropout_rate": 0.0}, "inbound_nodes": [[["Encoder-6-MultiHeadSelfAttention-Norm", 0, 0, {}]]]}, {"name": "Encoder-6-FeedForward-Dropout", "class_name": "Dropout", "config": {"name": "Encoder-6-FeedForward-Dropout", "trainable": true, "rate": 0.1, "noise_shape": null, "seed": null}, "inbound_nodes": [[["Encoder-6-FeedForward", 0, 0, {}]]]}, {"name": "Encoder-6-FeedForward-Add", "class_name": "Add", "config": {"name": "Encoder-6-FeedForward-Add", "trainable": true}, "inbound_nodes": [[["Encoder-6-MultiHeadSelfAttention-Norm", 0, 0, {}], ["Encoder-6-FeedForward-Dropout", 0, 0, {}]]]}, {"name": "Encoder-6-FeedForward-Norm", "class_name": "LayerNormalization", "config": {"name": "Encoder-6-FeedForward-Norm", "trainable": false, "center": true, "scale": true, "epsilon": 9.999999999999998e-15, "gamma_initializer": {"class_name": "Ones", "config": {}}, "beta_initializer": {"class_name": "Zeros", "config": {}}, "gamma_regularizer": null, "beta_regularizer": null, "gamma_constraint": null, "beta_constraint": null}, "inbound_nodes": [[["Encoder-6-FeedForward-Add", 0, 0, {}]]]}, {"name": "Encoder-7-MultiHeadSelfAttention", "class_name": "MultiHeadAttention", "config": {"name": "Encoder-7-MultiHeadSelfAttention", "trainable": false, "head_num": 12, "activation": "linear", "use_bias": true, "kernel_initializer": {"class_name": "VarianceScaling", "config": {"scale": 1.0, "mode": "fan_avg", "distribution": "normal", "seed": null}}, "bias_initializer": {"class_name": "Zeros", "config": {}}, "kernel_regularizer": null, "bias_regularizer": null, "kernel_constraint": null, "bias_constraint": null, "history_only": false}, "inbound_nodes": [[["Encoder-6-FeedForward-Norm", 0, 0, {}]]]}, {"name": "Encoder-7-MultiHeadSelfAttention-Dropout", "class_name": "Dropout", "config": {"name": "Encoder-7-MultiHeadSelfAttention-Dropout", "trainable": true, "rate": 0.1, "noise_shape": null, "seed": null}, "inbound_nodes": [[["Encoder-7-MultiHeadSelfAttention", 0, 0, {}]]]}, {"name": "Encoder-7-MultiHeadSelfAttention-Add", "class_name": "Add", "config": {"name": "Encoder-7-MultiHeadSelfAttention-Add", "trainable": true}, "inbound_nodes": [[["Encoder-6-FeedForward-Norm", 0, 0, {}], ["Encoder-7-MultiHeadSelfAttention-Dropout", 0, 0, {}]]]}, {"name": "Encoder-7-MultiHeadSelfAttention-Norm", "class_name": "LayerNormalization", "config": {"name": "Encoder-7-MultiHeadSelfAttention-Norm", "trainable": false, "center": true, "scale": true, "epsilon": 9.999999999999998e-15, "gamma_initializer": {"class_name": "Ones", "config": {}}, "beta_initializer": {"class_name": "Zeros", "config": {}}, "gamma_regularizer": null, "beta_regularizer": null, "gamma_constraint": null, "beta_constraint": null}, "inbound_nodes": [[["Encoder-7-MultiHeadSelfAttention-Add", 0, 0, {}]]]}, {"name": "Encoder-7-FeedForward", "class_name": "FeedForward", "config": {"name": "Encoder-7-FeedForward", "trainable": false, "units": 3072, "activation": "gelu", "use_bias": true, "kernel_initializer": {"class_name": "VarianceScaling", "config": {"scale": 1.0, "mode": "fan_avg", "distribution": "normal", "seed": null}}, "bias_initializer": {"class_name": "Zeros", "config": {}}, "kernel_regularizer": null, "bias_regularizer": null, "kernel_constraint": null, "bias_constraint": null, "dropout_rate": 0.0}, "inbound_nodes": [[["Encoder-7-MultiHeadSelfAttention-Norm", 0, 0, {}]]]}, {"name": "Encoder-7-FeedForward-Dropout", "class_name": "Dropout", "config": {"name": "Encoder-7-FeedForward-Dropout", "trainable": true, "rate": 0.1, "noise_shape": null, "seed": null}, "inbound_nodes": [[["Encoder-7-FeedForward", 0, 0, {}]]]}, {"name": "Encoder-7-FeedForward-Add", "class_name": "Add", "config": {"name": "Encoder-7-FeedForward-Add", "trainable": true}, "inbound_nodes": [[["Encoder-7-MultiHeadSelfAttention-Norm", 0, 0, {}], ["Encoder-7-FeedForward-Dropout", 0, 0, {}]]]}, {"name": "Encoder-7-FeedForward-Norm", "class_name": "LayerNormalization", "config": {"name": "Encoder-7-FeedForward-Norm", "trainable": false, "center": true, "scale": true, "epsilon": 9.999999999999998e-15, "gamma_initializer": {"class_name": "Ones", "config": {}}, "beta_initializer": {"class_name": "Zeros", "config": {}}, "gamma_regularizer": null, "beta_regularizer": null, "gamma_constraint": null, "beta_constraint": null}, "inbound_nodes": [[["Encoder-7-FeedForward-Add", 0, 0, {}]]]}, {"name": "Encoder-8-MultiHeadSelfAttention", "class_name": "MultiHeadAttention", "config": {"name": "Encoder-8-MultiHeadSelfAttention", "trainable": false, "head_num": 12, "activation": "linear", "use_bias": true, "kernel_initializer": {"class_name": "VarianceScaling", "config": {"scale": 1.0, "mode": "fan_avg", "distribution": "normal", "seed": null}}, "bias_initializer": {"class_name": "Zeros", "config": {}}, "kernel_regularizer": null, "bias_regularizer": null, "kernel_constraint": null, "bias_constraint": null, "history_only": false}, "inbound_nodes": [[["Encoder-7-FeedForward-Norm", 0, 0, {}]]]}, {"name": "Encoder-8-MultiHeadSelfAttention-Dropout", "class_name": "Dropout", "config": {"name": "Encoder-8-MultiHeadSelfAttention-Dropout", "trainable": true, "rate": 0.1, "noise_shape": null, "seed": null}, "inbound_nodes": [[["Encoder-8-MultiHeadSelfAttention", 0, 0, {}]]]}, {"name": "Encoder-8-MultiHeadSelfAttention-Add", "class_name": "Add", "config": {"name": "Encoder-8-MultiHeadSelfAttention-Add", "trainable": true}, "inbound_nodes": [[["Encoder-7-FeedForward-Norm", 0, 0, {}], ["Encoder-8-MultiHeadSelfAttention-Dropout", 0, 0, {}]]]}, {"name": "Encoder-8-MultiHeadSelfAttention-Norm", "class_name": "LayerNormalization", "config": {"name": "Encoder-8-MultiHeadSelfAttention-Norm", "trainable": false, "center": true, "scale": true, "epsilon": 9.999999999999998e-15, "gamma_initializer": {"class_name": "Ones", "config": {}}, "beta_initializer": {"class_name": "Zeros", "config": {}}, "gamma_regularizer": null, "beta_regularizer": null, "gamma_constraint": null, "beta_constraint": null}, "inbound_nodes": [[["Encoder-8-MultiHeadSelfAttention-Add", 0, 0, {}]]]}, {"name": "Encoder-8-FeedForward", "class_name": "FeedForward", "config": {"name": "Encoder-8-FeedForward", "trainable": false, "units": 3072, "activation": "gelu", "use_bias": true, "kernel_initializer": {"class_name": "VarianceScaling", "config": {"scale": 1.0, "mode": "fan_avg", "distribution": "normal", "seed": null}}, "bias_initializer": {"class_name": "Zeros", "config": {}}, "kernel_regularizer": null, "bias_regularizer": null, "kernel_constraint": null, "bias_constraint": null, "dropout_rate": 0.0}, "inbound_nodes": [[["Encoder-8-MultiHeadSelfAttention-Norm", 0, 0, {}]]]}, {"name": "Encoder-8-FeedForward-Dropout", "class_name": "Dropout", "config": {"name": "Encoder-8-FeedForward-Dropout", "trainable": true, "rate": 0.1, "noise_shape": null, "seed": null}, "inbound_nodes": [[["Encoder-8-FeedForward", 0, 0, {}]]]}, {"name": "Encoder-8-FeedForward-Add", "class_name": "Add", "config": {"name": "Encoder-8-FeedForward-Add", "trainable": true}, "inbound_nodes": [[["Encoder-8-MultiHeadSelfAttention-Norm", 0, 0, {}], ["Encoder-8-FeedForward-Dropout", 0, 0, {}]]]}, {"name": "Encoder-8-FeedForward-Norm", "class_name": "LayerNormalization", "config": {"name": "Encoder-8-FeedForward-Norm", "trainable": false, "center": true, "scale": true, "epsilon": 9.999999999999998e-15, "gamma_initializer": {"class_name": "Ones", "config": {}}, "beta_initializer": {"class_name": "Zeros", "config": {}}, "gamma_regularizer": null, "beta_regularizer": null, "gamma_constraint": null, "beta_constraint": null}, "inbound_nodes": [[["Encoder-8-FeedForward-Add", 0, 0, {}]]]}, {"name": "Encoder-9-MultiHeadSelfAttention", "class_name": "MultiHeadAttention", "config": {"name": "Encoder-9-MultiHeadSelfAttention", "trainable": false, "head_num": 12, "activation": "linear", "use_bias": true, "kernel_initializer": {"class_name": "VarianceScaling", "config": {"scale": 1.0, "mode": "fan_avg", "distribution": "normal", "seed": null}}, "bias_initializer": {"class_name": "Zeros", "config": {}}, "kernel_regularizer": null, "bias_regularizer": null, "kernel_constraint": null, "bias_constraint": null, "history_only": false}, "inbound_nodes": [[["Encoder-8-FeedForward-Norm", 0, 0, {}]]]}, {"name": "Encoder-9-MultiHeadSelfAttention-Dropout", "class_name": "Dropout", "config": {"name": "Encoder-9-MultiHeadSelfAttention-Dropout", "trainable": true, "rate": 0.1, "noise_shape": null, "seed": null}, "inbound_nodes": [[["Encoder-9-MultiHeadSelfAttention", 0, 0, {}]]]}, {"name": "Encoder-9-MultiHeadSelfAttention-Add", "class_name": "Add", "config": {"name": "Encoder-9-MultiHeadSelfAttention-Add", "trainable": true}, "inbound_nodes": [[["Encoder-8-FeedForward-Norm", 0, 0, {}], ["Encoder-9-MultiHeadSelfAttention-Dropout", 0, 0, {}]]]}, {"name": "Encoder-9-MultiHeadSelfAttention-Norm", "class_name": "LayerNormalization", "config": {"name": "Encoder-9-MultiHeadSelfAttention-Norm", "trainable": false, "center": true, "scale": true, "epsilon": 9.999999999999998e-15, "gamma_initializer": {"class_name": "Ones", "config": {}}, "beta_initializer": {"class_name": "Zeros", "config": {}}, "gamma_regularizer": null, "beta_regularizer": null, "gamma_constraint": null, "beta_constraint": null}, "inbound_nodes": [[["Encoder-9-MultiHeadSelfAttention-Add", 0, 0, {}]]]}, {"name": "Encoder-9-FeedForward", "class_name": "FeedForward", "config": {"name": "Encoder-9-FeedForward", "trainable": false, "units": 3072, "activation": "gelu", "use_bias": true, "kernel_initializer": {"class_name": "VarianceScaling", "config": {"scale": 1.0, "mode": "fan_avg", "distribution": "normal", "seed": null}}, "bias_initializer": {"class_name": "Zeros", "config": {}}, "kernel_regularizer": null, "bias_regularizer": null, "kernel_constraint": null, "bias_constraint": null, "dropout_rate": 0.0}, "inbound_nodes": [[["Encoder-9-MultiHeadSelfAttention-Norm", 0, 0, {}]]]}, {"name": "Encoder-9-FeedForward-Dropout", "class_name": "Dropout", "config": {"name": "Encoder-9-FeedForward-Dropout", "trainable": true, "rate": 0.1, "noise_shape": null, "seed": null}, "inbound_nodes": [[["Encoder-9-FeedForward", 0, 0, {}]]]}, {"name": "Encoder-9-FeedForward-Add", "class_name": "Add", "config": {"name": "Encoder-9-FeedForward-Add", "trainable": true}, "inbound_nodes": [[["Encoder-9-MultiHeadSelfAttention-Norm", 0, 0, {}], ["Encoder-9-FeedForward-Dropout", 0, 0, {}]]]}, {"name": "Encoder-9-FeedForward-Norm", "class_name": "LayerNormalization", "config": {"name": "Encoder-9-FeedForward-Norm", "trainable": false, "center": true, "scale": true, "epsilon": 9.999999999999998e-15, "gamma_initializer": {"class_name": "Ones", "config": {}}, "beta_initializer": {"class_name": "Zeros", "config": {}}, "gamma_regularizer": null, "beta_regularizer": null, "gamma_constraint": null, "beta_constraint": null}, "inbound_nodes": [[["Encoder-9-FeedForward-Add", 0, 0, {}]]]}, {"name": "Encoder-10-MultiHeadSelfAttention", "class_name": "MultiHeadAttention", "config": {"name": "Encoder-10-MultiHeadSelfAttention", "trainable": false, "head_num": 12, "activation": "linear", "use_bias": true, "kernel_initializer": {"class_name": "VarianceScaling", "config": {"scale": 1.0, "mode": "fan_avg", "distribution": "normal", "seed": null}}, "bias_initializer": {"class_name": "Zeros", "config": {}}, "kernel_regularizer": null, "bias_regularizer": null, "kernel_constraint": null, "bias_constraint": null, "history_only": false}, "inbound_nodes": [[["Encoder-9-FeedForward-Norm", 0, 0, {}]]]}, {"name": "Encoder-10-MultiHeadSelfAttention-Dropout", "class_name": "Dropout", "config": {"name": "Encoder-10-MultiHeadSelfAttention-Dropout", "trainable": true, "rate": 0.1, "noise_shape": null, "seed": null}, "inbound_nodes": [[["Encoder-10-MultiHeadSelfAttention", 0, 0, {}]]]}, {"name": "Encoder-10-MultiHeadSelfAttention-Add", "class_name": "Add", "config": {"name": "Encoder-10-MultiHeadSelfAttention-Add", "trainable": true}, "inbound_nodes": [[["Encoder-9-FeedForward-Norm", 0, 0, {}], ["Encoder-10-MultiHeadSelfAttention-Dropout", 0, 0, {}]]]}, {"name": "Encoder-10-MultiHeadSelfAttention-Norm", "class_name": "LayerNormalization", "config": {"name": "Encoder-10-MultiHeadSelfAttention-Norm", "trainable": false, "center": true, "scale": true, "epsilon": 9.999999999999998e-15, "gamma_initializer": {"class_name": "Ones", "config": {}}, "beta_initializer": {"class_name": "Zeros", "config": {}}, "gamma_regularizer": null, "beta_regularizer": null, "gamma_constraint": null, "beta_constraint": null}, "inbound_nodes": [[["Encoder-10-MultiHeadSelfAttention-Add", 0, 0, {}]]]}, {"name": "Encoder-10-FeedForward", "class_name": "FeedForward", "config": {"name": "Encoder-10-FeedForward", "trainable": false, "units": 3072, "activation": "gelu", "use_bias": true, "kernel_initializer": {"class_name": "VarianceScaling", "config": {"scale": 1.0, "mode": "fan_avg", "distribution": "normal", "seed": null}}, "bias_initializer": {"class_name": "Zeros", "config": {}}, "kernel_regularizer": null, "bias_regularizer": null, "kernel_constraint": null, "bias_constraint": null, "dropout_rate": 0.0}, "inbound_nodes": [[["Encoder-10-MultiHeadSelfAttention-Norm", 0, 0, {}]]]}, {"name": "Encoder-10-FeedForward-Dropout", "class_name": "Dropout", "config": {"name": "Encoder-10-FeedForward-Dropout", "trainable": true, "rate": 0.1, "noise_shape": null, "seed": null}, "inbound_nodes": [[["Encoder-10-FeedForward", 0, 0, {}]]]}, {"name": "Encoder-10-FeedForward-Add", "class_name": "Add", "config": {"name": "Encoder-10-FeedForward-Add", "trainable": true}, "inbound_nodes": [[["Encoder-10-MultiHeadSelfAttention-Norm", 0, 0, {}], ["Encoder-10-FeedForward-Dropout", 0, 0, {}]]]}, {"name": "Encoder-10-FeedForward-Norm", "class_name": "LayerNormalization", "config": {"name": "Encoder-10-FeedForward-Norm", "trainable": false, "center": true, "scale": true, "epsilon": 9.999999999999998e-15, "gamma_initializer": {"class_name": "Ones", "config": {}}, "beta_initializer": {"class_name": "Zeros", "config": {}}, "gamma_regularizer": null, "beta_regularizer": null, "gamma_constraint": null, "beta_constraint": null}, "inbound_nodes": [[["Encoder-10-FeedForward-Add", 0, 0, {}]]]}, {"name": "Encoder-11-MultiHeadSelfAttention", "class_name": "MultiHeadAttention", "config": {"name": "Encoder-11-MultiHeadSelfAttention", "trainable": false, "head_num": 12, "activation": "linear", "use_bias": true, "kernel_initializer": {"class_name": "VarianceScaling", "config": {"scale": 1.0, "mode": "fan_avg", "distribution": "normal", "seed": null}}, "bias_initializer": {"class_name": "Zeros", "config": {}}, "kernel_regularizer": null, "bias_regularizer": null, "kernel_constraint": null, "bias_constraint": null, "history_only": false}, "inbound_nodes": [[["Encoder-10-FeedForward-Norm", 0, 0, {}]]]}, {"name": "Encoder-11-MultiHeadSelfAttention-Dropout", "class_name": "Dropout", "config": {"name": "Encoder-11-MultiHeadSelfAttention-Dropout", "trainable": true, "rate": 0.1, "noise_shape": null, "seed": null}, "inbound_nodes": [[["Encoder-11-MultiHeadSelfAttention", 0, 0, {}]]]}, {"name": "Encoder-11-MultiHeadSelfAttention-Add", "class_name": "Add", "config": {"name": "Encoder-11-MultiHeadSelfAttention-Add", "trainable": true}, "inbound_nodes": [[["Encoder-10-FeedForward-Norm", 0, 0, {}], ["Encoder-11-MultiHeadSelfAttention-Dropout", 0, 0, {}]]]}, {"name": "Encoder-11-MultiHeadSelfAttention-Norm", "class_name": "LayerNormalization", "config": {"name": "Encoder-11-MultiHeadSelfAttention-Norm", "trainable": false, "center": true, "scale": true, "epsilon": 9.999999999999998e-15, "gamma_initializer": {"class_name": "Ones", "config": {}}, "beta_initializer": {"class_name": "Zeros", "config": {}}, "gamma_regularizer": null, "beta_regularizer": null, "gamma_constraint": null, "beta_constraint": null}, "inbound_nodes": [[["Encoder-11-MultiHeadSelfAttention-Add", 0, 0, {}]]]}, {"name": "Encoder-11-FeedForward", "class_name": "FeedForward", "config": {"name": "Encoder-11-FeedForward", "trainable": false, "units": 3072, "activation": "gelu", "use_bias": true, "kernel_initializer": {"class_name": "VarianceScaling", "config": {"scale": 1.0, "mode": "fan_avg", "distribution": "normal", "seed": null}}, "bias_initializer": {"class_name": "Zeros", "config": {}}, "kernel_regularizer": null, "bias_regularizer": null, "kernel_constraint": null, "bias_constraint": null, "dropout_rate": 0.0}, "inbound_nodes": [[["Encoder-11-MultiHeadSelfAttention-Norm", 0, 0, {}]]]}, {"name": "Encoder-11-FeedForward-Dropout", "class_name": "Dropout", "config": {"name": "Encoder-11-FeedForward-Dropout", "trainable": true, "rate": 0.1, "noise_shape": null, "seed": null}, "inbound_nodes": [[["Encoder-11-FeedForward", 0, 0, {}]]]}, {"name": "Encoder-11-FeedForward-Add", "class_name": "Add", "config": {"name": "Encoder-11-FeedForward-Add", "trainable": true}, "inbound_nodes": [[["Encoder-11-MultiHeadSelfAttention-Norm", 0, 0, {}], ["Encoder-11-FeedForward-Dropout", 0, 0, {}]]]}, {"name": "Encoder-11-FeedForward-Norm", "class_name": "LayerNormalization", "config": {"name": "Encoder-11-FeedForward-Norm", "trainable": false, "center": true, "scale": true, "epsilon": 9.999999999999998e-15, "gamma_initializer": {"class_name": "Ones", "config": {}}, "beta_initializer": {"class_name": "Zeros", "config": {}}, "gamma_regularizer": null, "beta_regularizer": null, "gamma_constraint": null, "beta_constraint": null}, "inbound_nodes": [[["Encoder-11-FeedForward-Add", 0, 0, {}]]]}, {"name": "Encoder-12-MultiHeadSelfAttention", "class_name": "MultiHeadAttention", "config": {"name": "Encoder-12-MultiHeadSelfAttention", "trainable": false, "head_num": 12, "activation": "linear", "use_bias": true, "kernel_initializer": {"class_name": "VarianceScaling", "config": {"scale": 1.0, "mode": "fan_avg", "distribution": "normal", "seed": null}}, "bias_initializer": {"class_name": "Zeros", "config": {}}, "kernel_regularizer": null, "bias_regularizer": null, "kernel_constraint": null, "bias_constraint": null, "history_only": false}, "inbound_nodes": [[["Encoder-11-FeedForward-Norm", 0, 0, {}]]]}, {"name": "Encoder-12-MultiHeadSelfAttention-Dropout", "class_name": "Dropout", "config": {"name": "Encoder-12-MultiHeadSelfAttention-Dropout", "trainable": true, "rate": 0.1, "noise_shape": null, "seed": null}, "inbound_nodes": [[["Encoder-12-MultiHeadSelfAttention", 0, 0, {}]]]}, {"name": "Encoder-12-MultiHeadSelfAttention-Add", "class_name": "Add", "config": {"name": "Encoder-12-MultiHeadSelfAttention-Add", "trainable": true}, "inbound_nodes": [[["Encoder-11-FeedForward-Norm", 0, 0, {}], ["Encoder-12-MultiHeadSelfAttention-Dropout", 0, 0, {}]]]}, {"name": "Encoder-12-MultiHeadSelfAttention-Norm", "class_name": "LayerNormalization", "config": {"name": "Encoder-12-MultiHeadSelfAttention-Norm", "trainable": false, "center": true, "scale": true, "epsilon": 9.999999999999998e-15, "gamma_initializer": {"class_name": "Ones", "config": {}}, "beta_initializer": {"class_name": "Zeros", "config": {}}, "gamma_regularizer": null, "beta_regularizer": null, "gamma_constraint": null, "beta_constraint": null}, "inbound_nodes": [[["Encoder-12-MultiHeadSelfAttention-Add", 0, 0, {}]]]}, {"name": "Encoder-12-FeedForward", "class_name": "FeedForward", "config": {"name": "Encoder-12-FeedForward", "trainable": false, "units": 3072, "activation": "gelu", "use_bias": true, "kernel_initializer": {"class_name": "VarianceScaling", "config": {"scale": 1.0, "mode": "fan_avg", "distribution": "normal", "seed": null}}, "bias_initializer": {"class_name": "Zeros", "config": {}}, "kernel_regularizer": null, "bias_regularizer": null, "kernel_constraint": null, "bias_constraint": null, "dropout_rate": 0.0}, "inbound_nodes": [[["Encoder-12-MultiHeadSelfAttention-Norm", 0, 0, {}]]]}, {"name": "Encoder-12-FeedForward-Dropout", "class_name": "Dropout", "config": {"name": "Encoder-12-FeedForward-Dropout", "trainable": true, "rate": 0.1, "noise_shape": null, "seed": null}, "inbound_nodes": [[["Encoder-12-FeedForward", 0, 0, {}]]]}, {"name": "Encoder-12-FeedForward-Add", "class_name": "Add", "config": {"name": "Encoder-12-FeedForward-Add", "trainable": true}, "inbound_nodes": [[["Encoder-12-MultiHeadSelfAttention-Norm", 0, 0, {}], ["Encoder-12-FeedForward-Dropout", 0, 0, {}]]]}, {"name": "Encoder-12-FeedForward-Norm", "class_name": "LayerNormalization", "config": {"name": "Encoder-12-FeedForward-Norm", "trainable": false, "center": true, "scale": true, "epsilon": 9.999999999999998e-15, "gamma_initializer": {"class_name": "Ones", "config": {}}, "beta_initializer": {"class_name": "Zeros", "config": {}}, "gamma_regularizer": null, "beta_regularizer": null, "gamma_constraint": null, "beta_constraint": null}, "inbound_nodes": [[["Encoder-12-FeedForward-Add", 0, 0, {}]]]}, {"name": "Encoder-Output", "class_name": "Concatenate", "config": {"name": "Encoder-Output", "trainable": true, "axis": -1}, "inbound_nodes": [[["Encoder-9-FeedForward-Norm", 0, 0, {}], ["Encoder-10-FeedForward-Norm", 0, 0, {}], ["Encoder-11-FeedForward-Norm", 0, 0, {}], ["Encoder-12-FeedForward-Norm", 0, 0, {}]]]}, {"name": "non_masking_layer_1", "class_name": "NonMaskingLayer", "config": {"name": "non_masking_layer_1", "trainable": true}, "inbound_nodes": [[["Encoder-Output", 0, 0, {}]]]}, {"name": "bidirectional_1", "class_name": "Bidirectional", "config": {"name": "bidirectional_1", "trainable": true, "layer": {"class_name": "LSTM", "config": {"name": "lstm_1", "trainable": true, "return_sequences": false, "return_state": false, "go_backwards": false, "stateful": false, "unroll": false, "units": 256, "activation": "tanh", "recurrent_activation": "hard_sigmoid", "use_bias": true, "kernel_initializer": {"class_name": "VarianceScaling", "config": {"scale": 1.0, "mode": "fan_avg", "distribution": "uniform", "seed": null}}, "recurrent_initializer": {"class_name": "Orthogonal", "config": {"gain": 1.0, "seed": null}}, "bias_initializer": {"class_name": "Zeros", "config": {}}, "unit_forget_bias": true, "kernel_regularizer": null, "recurrent_regularizer": null, "bias_regularizer": null, "activity_regularizer": null, "kernel_constraint": null, "recurrent_constraint": null, "bias_constraint": null, "dropout": 0.0, "recurrent_dropout": 0.0, "implementation": 1}}, "merge_mode": "concat"}, "inbound_nodes": [[["non_masking_layer_1", 0, 0, {}]]]}, {"name": "dense_1", "class_name": "Dense", "config": {"name": "dense_1", "trainable": true, "units": 53, "activation": "softmax", "use_bias": true, "kernel_initializer": {"class_name": "VarianceScaling", "config": {"scale": 1.0, "mode": "fan_avg", "distribution": "uniform", "seed": null}}, "bias_initializer": {"class_name": "Zeros", "config": {}}, "kernel_regularizer": null, "bias_regularizer": null, "activity_regularizer": null, "kernel_constraint": null, "bias_constraint": null}, "inbound_nodes": [[["bidirectional_1", 0, 0, {}]]]}], "input_layers": [["Input-Token", 0, 0], ["Input-Segment", 0, 0]], "output_layers": [["dense_1", 0, 0]]}, "keras_version": "2.2.4", "backend": "tensorflow"}